x,208908,3062316,9826528,24964624
5720,-0.7041208069566509,-0.00585086937426577,0.44831046120533896,1.0598326358915
55847,0.106842744578358,-0.24335633397312695,0.624352528070917,0.0253515802800145
25803,0.311303918052914,-0.0342390817524419,0.327635649349665,0.531205954208785
466,-0.0992111418656068,0.40385101453948,-0.11272837613605,-0.00822571256769079
6009,-0.016355063542337,-0.350058751860613,-0.103151705420976,0.6732392403823722
3480,0.25577547409358903,0.0335157456555435,0.0682926702076194,-0.0836862019049121
2309,0.155950565461596,-0.11900633199106,0.209946422421893,0.0465761032326075
2946,0.559283931188313,0.0897638309558915,0.412445718589198,0.543795298436867
387,0.299922089140204,-0.10520664565841198,0.375350709712432,0.051585455979485
3553,-0.160606896003819,-0.288789336885123,0.0935382838441336,0.432817137614886
427,-0.468122943037985,-0.273382750681722,0.0272692067515033,-0.0460785323156092
5898,-0.408416355328516,-0.0827242716288967,0.0558629285226496,-0.0971261686614957
23365,-0.0336949259519837,0.0948429276768499,-0.358996093351945,-0.580882258716632
6657,-0.0711286258293783,0.0893942648638487,-0.0551433864311919,0.13975321755165698
5054,-0.232685760377393,-0.281834156463345,-0.18576461185891,-0.32131016942866897
3108,-0.132467045343492,-0.26958657441659,-0.062058150793762,0.186677662851634
1950,-0.15986635223006398,-0.0135508227130766,-0.0477270251879478,0.219833428038848
9517,0.245072430379538,-0.8326718369440509,0.0424619175669927,-0.0271844009002437
351,-0.215619207914779,0.149100285584566,-0.24725729829475496,0.24307829094346106
25987,-0.4448268725676071,0.264469936724759,0.0817745548484619,0.0180352806149714
23670,-0.262350289735524,0.000833964465566025,0.0499460806634359,0.16167608996374302
4846,0.198991357748335,0.40598336706829496,-0.0622105301908341,-0.423628769651618
1452,-0.325544374462849,-0.15617377591735598,-0.34009443653331706,-0.14428153780795902
4776,0.16605040792036602,-0.172699118247663,-0.0863841203480963,-0.275897520587405
6908,0.16725566997575594,-0.406135586504303,-0.696481731681125,-0.244557845491858
11182,-0.404929532473341,0.15408714240484198,-0.126995628663582,-0.780602452924327
2146,-0.38910779724018,-0.922479136535007,-0.160030734685665,-0.106944389758872
3385,-0.705406655246074,-0.13030465158177498,0.0678366475088441,0.458660385041676
672,-0.3884005782571149,-0.21035892185786,-0.0278311497252344,0.28935632701450104
5710,-0.0247045246524429,-0.260108341785413,-0.340228093072034,-0.0293638802606411
5261,-0.321697991635202,-0.11183638205881098,0.0419472175472426,-0.18551668459704496
2115,0.00392856303734868,-0.248159187559015,-0.4270693822374129,-0.150313046214025
10765,0.14670546149385005,-0.0324635887057455,-0.691251806138418,0.0320428547626267
25839,0.0812216542999114,-0.3240422889712849,0.564713657887353,0.751303204130109
4172,0.0530053227384932,-0.489259667668722,-0.20048357629357505,-0.506484597275733
7015,-0.14523551562689,0.0126725797978536,-0.0564042726153014,-0.109345305749075
23161,-0.138129546010419,-0.221765545346406,-0.221021725113632,-0.434212406596977
10298,-0.06408559781583201,-0.0566858202917855,-0.0466586972218041,-0.918810087750028
1802,-0.23043669618111606,0.0476616441757314,-0.7608216808150842,0.25765438129603097
58533,-0.0306519851758265,-0.213772395290232,-0.328344646475939,-0.20571065938184
8726,-0.0570606312688681,-0.225074980193571,-0.220006114540054,-0.4351809722557821
147179,-0.325064834901282,0.0264127773090845,-0.15386221606589098,-0.229707574015784
29937,-0.145296722414413,0.34940601405934496,0.378349965374148,0.670544118513561
6184,-0.0068065735440752785,-0.0260068458298902,-0.154199473445151,0.028376609495396
9854,-0.692063883276234,-0.0510739282583253,0.0101866829512832,0.325867272401555
2553,-0.0484798272135062,-0.0395592048894102,0.0850959096339821,-0.49951325153118
5440,-0.56847799959292,-0.23578208828586705,0.6194767886290999,0.497067105721115
2185,-0.0240018459149054,-0.0709714678243201,-0.24535473025523,-0.132055542406361
54623,0.0112277508403915,0.48311324132298,0.226885969927162,0.7686697302360059
9533,0.0550497783196844,0.170930070629808,-0.4070086060478689,-0.294627552884049
8607,0.008763427885808691,-0.498048920909774,-0.507534094454258,-0.22520807245895105
207,-0.21839686446233,-0.348478085219438,-0.224175868203906,0.7083169889362
26054,-0.5758992986138299,0.5030794079248461,-0.515559653267366,0.0293900781658567
3315,-0.31518850341520305,-0.147325664600709,-0.4157293006586111,-0.234404140789934
10682,-0.182295782924217,0.479391869302966,0.0322928169054374,0.15645406291549302
8573,0.100668246807373,0.7304159672652759,0.34047950170851904,-0.4638652067655201
23378,-0.100853219321084,-0.5941946010153231,-0.3082091764637669,0.3563006849870349
5289,-0.148197204826808,-0.8799739533600519,-0.7936191296125451,-0.9411740067832428
8553,-0.067602506827395,0.132857751461535,-0.0273149857328586,-0.8550803125738979
622,-0.38927616081361693,0.364756175918947,-0.0243900979396546,0.3602357056898621
9467,-0.174307978944494,-0.563109146096218,-0.0221326406916739,0.827654691655914
5525,-0.0832530401674302,-0.061859931446671,-0.107750987121107,0.313982224268242
256364,-0.519773525757062,-0.622392794117684,-0.245373446898814,-0.511551454164842
332,0.40258268630393296,0.307852523072406,0.263649208184258,-0.996165911709456
2058,-0.0876355215799625,0.279881442836638,-0.105390815932046,0.25975858508299304
7849,-0.0247765316104897,-0.208777258132697,-0.595321084478005,0.06468416008068
868,0.104246435768639,-0.19226850740581894,-0.47399466502623,-0.474611844169065
23244,-0.275597099994916,0.45936305574529,-0.115546361854504,0.140701945953707
1677,0.104829139463242,-0.0845268666757394,-0.336971666625209,-0.170565564508284
7043,0.27049042297673603,-0.13154707690291,0.0734611354720646,0.33090386637712704
7494,0.0578425426795338,-0.0627883826223457,0.0434231640812545,0.531979282849708
4836,-0.064234919245664,0.48683229847778,-0.0350733713827055,0.02385760468779
23647,-0.566419091404718,0.18469366238758705,0.24484150397334,0.33762176737328403
10617,0.0453627619161516,-0.0454145283189894,-0.0263060322264844,-0.157663662650483
5613,0.26298288073620896,-0.127549398584635,0.393165236881368,-0.217926039038462
2184,0.3170580166391789,-0.29506767165244,-0.25710258604171105,-0.0922513970646691
5355,-0.24967689323665895,0.279205662710464,0.047181067636884,-0.0475863253487691
6659,-0.104751055351583,-0.34812108611426,-0.0891493774067913,-0.409646615873343
7016,-0.19089691354827296,0.230579350462182,0.40060998513782,-0.7531625085346529
90861,0.0245675576172814,-0.0727978865732893,-0.34277058471704697,-0.354934979868465
10670,-0.197604715824272,-0.35513827786674296,-0.451247456031857,-0.37700657703661
79071,0.0627643308180843,-0.651623425172,-0.0953551116894217,0.0435321506312316
64746,0.203006089489201,-0.108353619665158,-0.0342994454270912,-0.719751639877646
5366,-0.630868280658256,-0.523704916996924,-0.467839076687215,-0.481479846641585
11344,0.24771922598316695,0.0964728992089804,-0.284045758965294,-0.662110959225668
10013,-0.108112717106462,-0.485190341448759,0.125969832522479,-0.13218796831811
595,0.00568321465834695,-0.16186101026432198,-0.197520626655129,-0.322067868902307
5829,-0.22580729656757895,-0.40294131793167504,-0.395990134270584,-0.264585630568716
5257,-0.312780773318625,-0.0994323648726831,-0.18286948151581306,-0.907726362735053
4793,-0.0150907635570922,0.266356596125963,0.0721634167470782,0.0284092903468926
22794,0.176826831133787,0.437885392673286,-0.16233773447123,-0.965409595573074
9761,0.18287535494561505,0.135764770979907,-0.15685016611433,-0.959022814907504
2736,0.0963082936123006,-0.112713166702717,-0.315199905116852,-0.3838845511752679
23326,0.36352488039091496,-0.173239312507632,-0.0649809761164546,-0.919513479756902
10972,0.5822436002215939,0.14619365726784805,0.5471023163382199,0.975021611541833
10523,0.0725143746083182,-0.789484726729725,0.0259823961592643,-0.0274002106968866
5290,0.107577735730746,-0.48794971633617,-0.43249885870056,-0.435749483896266
79090,-0.5880904410734941,0.208040717781094,-0.0994955417499681,0.27610893617199
27032,-0.050695701655375,0.312209027066167,-0.00661731351176057,0.0595682928388701
9097,0.557153193791285,-0.114856069761051,-0.623829303206196,-0.0564167976982613
10513,-0.0628156247592655,-0.311667584905828,-0.273510219773415,0.176654853948231
6194,-0.192661385365923,0.448010802178278,-0.191871256464099,0.260952652540725
1891,-0.23801521725221306,-0.0174620523805077,0.0552369342223856,-0.018186186400535
3066,-0.0767344293236746,-0.4899795312860349,-0.378587159041443,-0.137626872089953
1676,-0.0690809210890449,-0.0368076402616668,-0.4513647672125071,0.00702374055354347
9801,-0.382510043553779,-0.432741573890531,-0.28022244124478496,0.0332667557237494
23512,-0.10551214730129302,-0.4000713077707021,0.218828834669726,-0.0478293622315447
1459,-0.120312164209591,-0.337411578697202,-0.385113132666446,0.358037735686962
148022,0.318468214554989,-0.455229734786485,-0.484678113772261,0.20664286722582695
9703,-0.194594306317548,0.245818201870312,0.435026538787483,-0.264030622108526
10606,-0.43275453851968,-0.202484986713833,-0.303912077307958,0.492164588381937
1017,0.176723540048952,-0.0479089623910112,0.22187914353611604,0.16539855704729906
1906,0.28191415927124297,0.0790089234523947,-0.12387762348042998,-0.802686766183815
9813,-0.425877815228377,-0.0600899956863275,0.489658731995769,0.237436544770484
8878,0.273439117755864,-0.3354167803573,0.175701884991181,0.25913691353324697
3091,-0.3741067770326839,0.6564486968132901,-0.0692156426336977,-0.242641341401756
7485,0.157335014926141,0.124963116308554,-0.197905680007322,0.300376498921494
2109,-0.12888714011215302,-0.876492158137308,-0.181994530722186,-0.16051436441452402
23271,-0.380608875699385,-0.0251419261669026,-0.148135500333314,0.5121039994672071
9915,0.161882792144614,0.0352174860641658,0.057477019616881,-0.6592803383100079
9552,0.0640215934503565,0.0948678181183976,-0.2278981835393,0.375674502238832
93487,0.113581457192194,-0.284376070125681,-0.23998714063682,-0.297754186036215
2956,0.0830725608758927,0.5399198360644439,-0.804494014825225,-0.9735657721211308
11065,-0.497280098248445,0.15537534149231302,0.341913257867928,0.793116103882456
9653,-0.0420964607606263,0.109400051824178,0.00225073061416377,-0.00930582442860709
200081,0.4406463035800429,0.535177729063738,0.0331711984721371,-0.580779564658088
3337,0.0891830100265566,-0.516293557915041,-0.206523769684552,-0.0686260046594233
11073,-0.229991358835704,-0.24486462540258105,-0.100504903051319,-0.0135253445783242
23,0.230544951232054,-0.6879508049658841,-0.5901722442580589,-0.0035052051475035
5641,-0.293091169211372,-0.339823792854655,-0.157058542501646,0.7715825959865649
5743,-0.155255066074417,-0.369569533263444,-0.374773983041878,-0.295576124394557
5321,0.6976001457782601,0.074364959681605,-0.210329492965469,-0.526547556465113
4144,-0.0171064450631249,0.0803388236992577,0.208246458149448,0.6298552528940439
8720,0.11370758693652,0.324826596246723,-0.665949495897244,-0.277915040384935
10782,-0.323944217357035,-0.184262871882311,0.10280921144798197,-0.394748045359316
25932,-0.16496693083671804,-0.300304316070721,-0.511485217060574,-0.00503083440689416
1981,0.26393212542205496,-0.313333400664244,-0.50683672547773,-0.224015205567716
695,-0.0909378615083532,0.39655666441676,-0.105201647301488,-0.4210748372349
10398,-0.00265396681196207,0.0169086726408257,0.17877097989336102,-0.345292383638128
5708,-0.317463468108539,-0.0271575426134816,0.500557013701068,0.07754720652526599
1213,0.486890612532538,-0.3891881128324389,0.0821017439872352,-0.22376629163056
3028,-0.050521452920771,0.0439486396977772,-0.348577566426356,0.484865961436323
6804,0.0193239320231911,-0.506458305772971,0.17317351894557598,0.5858983745638771
226,-0.260305130499315,-0.661897678250912,-0.0150761112617597,0.209534821267336
6777,-0.15471133501567,-0.116322329915018,-0.0431237529560866,-0.238013855652587
890,0.25048777746655804,-0.28908639150124704,-0.21623123430313695,-0.20390852197886
6390,-0.0571325031339026,0.0939989482225055,-0.289155538336701,-0.668975119627593
2113,-0.428941150243655,-0.38596291879263295,-0.418382019238502,-0.244708339689182
4303,0.109559110044599,-0.15371694387175305,0.12260305173109802,-0.0702879247810612
10953,-0.299800613864903,-0.15928089546136498,-0.0257818175360612,0.144818558858945
22889,-0.238417651906525,0.15462067034340898,0.461307634572418,0.289873461590938
3098,-0.13473913709864802,0.517810982627703,0.5912469711938361,-0.576371588232932
11044,0.233721998152552,0.146391577262649,-0.39461514080592497,0.44285546158781
8985,-0.348431568617216,0.295257950070177,0.306125287435451,-0.588713000623072
66008,-0.0575511081347697,0.40694204754865104,-0.0580212770903388,0.256712005703374
9217,-0.0940282056052032,-0.124193465679195,-0.24667931109202895,-0.5703505849384239
3329,0.872421898387754,-0.136562573010136,-0.490291852083129,-0.18893763640247305
701,-0.32696989206000104,-0.309255412631223,0.0503396223670695,0.168240585348268
6182,-0.156321667234851,0.10621498549984598,-0.0170007234743449,0.569165820585912
4860,-0.486477178155218,-0.8839485506567879,-0.518443779622323,-0.967229556992821
1050,-0.238273392414863,-0.208789596116602,-0.183418989000585,0.247642383562838
9491,-0.427951879403784,-0.19831856218602,-0.179791570543869,0.00263521854700738
7398,-0.407736890686112,-0.133900733456458,-0.129095095137757,0.0643870896911597
6117,0.116460265753385,0.475356979396719,-0.157127491516237,-0.447870745431258
23588,-0.23920963791142105,0.102242757072391,-0.6107545884436639,-1.31656635486216
949,0.0506490689485092,-0.17245541519275698,-0.241873412083723,-0.371110203331781
7168,-0.15828753519778302,-0.0801061895272091,-0.0566755839789135,0.4776140796232151
9375,-0.19254289945234,-0.0778605382070739,0.118415407746042,0.674986392008581
22926,-0.263708647270875,-0.237272981084082,-0.31396596808312,-0.9364430875578168
4927,0.0846754666644356,-0.637389517069049,-0.27695400026444,-0.22439313342253894
2523,-0.37331047853762,-0.101383194542426,-0.0909165008804645,-0.6591629048248809
58497,-0.7420487284726751,0.18116781478159805,-0.309800236630292,0.0755518669242076
6856,-0.586401640995766,0.101896052982822,-0.107124320489472,-0.331018196807324
26036,0.118495545617727,0.252984483086142,-0.570206997437304,-0.36630594039229497
5899,0.46530264758982,1.03588018632533,0.257085758293704,-1.32157256929304
10206,0.17764171203437398,-0.2880258715873211,0.212673995899208,0.440825394144383
25793,0.16379363011951098,-0.482592933933829,-0.422064162638491,0.12975037946068102
5467,0.0664498090502255,-0.428957259126256,-0.22399527364800606,-0.427707125052253
55556,-0.101616320418644,-0.025040354531653,0.128677967517005,-0.476571145114635
6774,-0.0417261306267261,-0.523089291497294,-0.345878611275502,-0.333548797996697
3978,-0.300978345534133,0.11115315031375,0.0510190175167122,-0.336164719941002
10681,0.0960716822579857,0.00217897540629727,-0.059249175012442014,-0.538025699384603
3638,-0.360578048519115,0.102843819878629,0.152909977590008,0.124198582554264
1788,-0.279964703794076,-0.0308068926354534,0.112298485861622,-0.274406026699656
8349,-0.5758600635168879,0.516563829128895,0.0949526350934485,-0.293855554495076
6275,0.0174324549728065,-0.278681052451257,-0.284960083083744,-0.0461285883145459
3895,0.122015471440258,0.0995162259577262,0.135959285965577,1.01168202604589
392,-0.230421341869136,-0.37586232312840095,-0.205321869550501,0.82248944658205
9170,-0.202828840567323,0.138860080722524,-0.316602654613905,0.294953302414813
80347,0.119009019628604,-0.24949418587481495,-0.0691094853894121,-0.7230443245009152
5921,-0.35680169684021995,-0.0715112324056818,-0.10497688711514698,-0.307119521238242
23300,0.26287059684995395,0.115096147413499,-0.0715157019164721,0.0631948332066434
836,-0.587743567938403,-0.343582190549578,-0.40316711850502507,-1.36205580186878
5721,-0.28230268699837496,-0.022934184903072,-0.0908150804308814,-0.14470869347987805
11188,0.114478846440098,-0.426872822545922,0.0224231834895746,0.333730643554684
10898,0.236797539182682,0.13116589461679598,-0.0261768755560406,-0.0369742592658759
9276,0.404460505349891,-0.0317887420279289,-0.0235643713237065,-0.673459638863104
1647,-0.269926423848617,-0.12639285551049498,0.059193384540450984,0.008576982240936459
10285,0.0328998988645851,0.17634475121704998,-0.35582661052770703,-0.261394539236459
23386,-0.384162895760176,0.568249489243988,0.0719383306887344,0.163194311113045
2263,0.111707064261809,-0.538780693572078,-0.473246823169034,0.204424843065394
3156,-0.12650649634858002,0.567862625602206,-0.148059666221767,0.301433427423097
10237,0.0290578948434466,0.2997976465316,0.0611211327306545,-0.274036829347125
7077,-0.251088939190362,0.555177811372046,0.0828496281961499,-0.8524571847982021
11157,-0.3564057414509749,0.983962938194125,0.033579405969075,0.365365780745959
808,0.107701628029453,-0.0852568143606375,-0.123771547424623,0.228990471311499
22908,0.0740628422863109,0.322117866205003,0.0951856749857004,0.111197531002635
10915,0.0988893421525158,0.4558336950004029,0.20434448535057295,0.2378680295149
9897,-0.0561258717307994,0.396004234168889,0.223686726624372,-0.308458702981685
1759,0.111663440663921,-0.31921726621963503,0.20699108379516,-0.18827699027531605
54541,-0.589841930467727,-0.3434413150576889,-0.0234745446840311,0.296829154577589
211,0.0994149794543078,-0.34818120627757,-0.0182941207177915,0.206025969579654
5048,0.032499497029909,-0.0615589976068582,-0.113064441935947,-0.12312256394415302
84722,0.037737203139877,0.193479818080893,-0.118809821452736,-0.007240913491625671
30001,0.22618413188972,0.269986545939756,0.132980635581679,0.257441847103824
348,-0.35928060998146005,0.34386668891722605,0.173304932977436,-0.718617545931322
29890,0.00937933995470808,-0.4135486521185021,-0.24302660671369106,-0.44293247381933504
9868,-0.230359996759332,-0.55415367154069,0.016267368656113997,0.299542809669833
873,0.11114814242968904,0.293925739737228,-0.0035397793417917397,-0.40135508930381497
5580,0.0460135513455107,-0.906437271552752,-0.4256183467042911,0.118847272853027
30849,0.018411402282167,-0.0328283500977649,-0.4187744715532801,-0.3290900414011
1454,-0.133827216998892,-0.407188292709231,-0.190692840822106,0.275610838886957
3725,0.23548126244042106,-0.24084029228184495,-0.0122986322169326,-0.391418377024776
23585,-0.56310108514269,-0.155986666964992,-0.447418400224834,0.7680118142150201
51097,0.115631343241048,-0.0406848969047668,-0.126392196792954,0.335415978132361
1831,0.161302209912802,0.34546857331323805,-0.062303097951971,-0.352692969613769
7020,-0.212996069558662,0.778817800142538,-0.14638388000156194,-0.209054994018481
55893,-0.047472571095199985,0.11337301869593,-0.211357039295488,0.272340150282032
6944,0.24740485042477,0.0890920794562811,0.30535179293307896,-0.962060312559522
22883,0.0796071356700851,-0.0207114666078463,-0.189692397292599,-0.410838252897394
5601,0.151605973857206,-0.222366016673262,0.407070905568093,0.946813074534016
6500,-0.0214648456801453,-0.768596087163929,0.350030237490829,0.11762922175542
10775,-0.4111972436174821,-0.373733447281275,-0.37059501844655296,0.171688648704191
4780,-0.362867227198488,0.5680039266536321,0.378351108703401,1.23266472685251
10904,0.33019289058626,-0.00188521250852293,0.238975605798976,-0.793867664772359
9917,-0.7395940427345279,0.131691837583704,-0.7915050348738479,-0.274121288252984
5627,-0.0344054953817453,0.162265964211406,-0.200844943567665,-0.22978429350181695
1399,0.0625230954478447,0.370542189178098,-0.0033212509433364,0.135122536333313
24149,-0.674262817796581,-0.179131282537993,-0.108260822173405,-0.5378432309454301
2222,-0.11238675429521902,0.326980425591901,-0.221332112868441,-0.7933725696359979
10131,-0.0345459735344407,-0.13175271338859698,-0.14720163427976998,-0.00542257468215442
2958,0.251818901978934,0.15720017466450698,-0.0766920549178511,-0.508931762279656
5715,-0.00514153907680796,0.314644411168937,0.269133086663149,0.709483569513891
9650,0.23739718952164895,0.13110065165028698,0.139898232328978,-0.884295780026943
7319,-0.197122856718516,0.446495208350389,-0.022459415419446,-0.473259396708772
4817,-0.22176081041439105,-0.0192626392732444,0.484486124825499,0.3351488889743729
9143,0.23030213360227894,-0.218640826346379,-0.530098001625825,-0.0959016805133915
4791,-0.243051561216081,0.22072212576772,-0.242458482330432,-0.0623534867003891
10494,-0.129561081779256,-0.62896271859335,-0.31364451312211306,0.395958903811681
55324,0.259752365076364,-0.413582538983135,-0.5990782019797739,-0.7412762650463359
23149,-0.493138176791654,0.203264752149853,-0.168676385701043,-0.5159566710164509
9943,-0.343190668396598,0.363081955708507,0.0175904121496679,0.823464048396857
6599,-0.480868327640969,-0.4700774317367941,0.253858494541007,-0.565570692836105
56924,-0.194836266089052,-0.00622697847131922,-0.103279129911133,0.209667464425591
2690,0.039737122553575,0.8922843810415301,0.00986343677347844,0.264856058681469
51031,0.186422585770442,-0.0384602796492259,0.0315536035585388,0.17910246512542602
1019,0.0437185296112915,0.5179893883026989,-0.21843084479525304,-0.440913099254418
3566,-0.374517811002297,-0.318982840113329,-0.23605039329763,0.360759583922039
51422,-0.00798878541184803,-0.116320628382081,-0.343186843829505,0.196946881543872
3815,0.582351881511768,-0.4506456554909679,-0.0947884399971879,-0.0958632865703477
5788,-0.175166760173884,0.120389353173013,-0.321011980878019,0.36957182272743
8624,0.0591690049463968,0.0931425419357683,0.25452015923212395,-0.37464105072146
27346,-0.454125114816641,0.0689896817398387,-0.0767677638957721,-0.0325146612405834
10489,-0.0490258549701076,-0.159993031826624,0.165691843184124,-0.275339450197206
26128,0.02521442278387,-0.293034475934349,0.0513363886671378,-0.63477229835124
79921,0.0545308468446119,-0.25954931742553194,0.19925509173581696,0.5543792741072809
55746,-0.19664920705681305,-0.155132191238741,0.005544054341555829,-0.471010065524705
23636,0.0378818553610526,0.19528702083320004,0.21400119000347606,-0.0583124920153758
6709,0.0009473115235638439,-0.0759158255952289,-0.4037610459210321,0.201661991761392
10892,0.0135982735307736,0.7237097456646859,0.0647815569198197,-0.654034723106003
10652,-0.16753112087967,-0.0490557261209473,0.022805405034492,-0.0512999208359869
11004,-0.42389384113026896,0.908444525522236,-0.452547779086521,-0.284495187080629
23530,0.0263966523574728,0.26076113016061,0.164876320406406,0.0449769353603217
1277,-0.227612607449623,-0.117595494850379,0.33704152651021,0.454947193336358
993,0.114051568474747,0.23802814106910605,-0.17976657155767806,-0.7156837512816959
7157,0.0598273541576457,0.32180050583909303,0.0671317436593514,-0.3392260395254401
8826,0.16440376023951,0.639343817702547,0.659772227814447,0.18580129065355105
1958,0.0466177871023492,-0.222405209033749,-0.247314969230206,-0.5300670016096161
4582,-0.26298261814943896,0.418067569615005,0.137464727901983,-0.360725240767605
9212,-0.55437608319611,0.3800211806827489,0.152426411550887,0.336940128014435
3308,0.115386260195506,-0.126551677447851,-0.7195104170793979,0.0345343618920105
7153,-0.455999561755895,0.0918744712679596,-0.617139182339319,-0.467800242311698
8440,-0.723029597651478,0.6447606121503989,-0.16300368386485098,0.37153771565944
6790,-0.380888477349243,0.0294547530505872,-0.918800694782378,0.248365996627566
11041,-0.16981393484128,0.303529010273276,-0.14863933509946,-0.131299356804386
8851,-0.4208068087411821,-0.753251655523686,0.26764173854116896,-0.294304222601265
6342,-0.522074742669397,0.37140266611932105,0.136609083375853,-0.177541382806911
5883,0.556555890772167,-0.199397316879146,0.522707878262779,0.978163518675584
10589,-0.10604564557468403,0.169561088131629,0.142874177327241,0.528181020691616
5110,0.0715475341899292,-0.114317091029451,-0.398211773746308,-0.458942715609411
2534,-0.26341675163305106,-0.570062230622455,-0.176007763862965,0.711508337516927
4609,0.0828225606372044,-0.047861068159242,0.0262724064893659,0.542207937435604
5423,0.277803332528882,-0.17409017401226598,0.153121124907586,-0.940053479545609
1070,0.591588279857145,-0.36474471689192,0.044918832474717986,-0.5819151332405811
10051,0.08509274460036799,0.0585643009374703,0.7051468021687071,0.3886494298718871
6603,0.234809116143969,-0.187483354734922,-0.0558823694026644,0.354159271867473
9019,0.16881175267191398,1.1697091533256698,0.032494546605045,-0.41964749124814704
4893,0.0368249220240676,0.342023042798917,-0.184892038592236,0.6247764949283959
10969,-0.0159355018414857,0.0043530315121929715,-0.31846257936550704,-0.224837491576689
9797,-0.300889003584149,0.175612616711119,0.544196919298247,0.556545851390356
4043,0.212584727188803,-0.243496007081497,0.140660933467413,-1.0156420524162
665,-0.13916020187641598,0.0686725756520534,-0.237186340962432,-0.0283994925609965
9519,-0.223549832020616,0.42030698714976505,0.5284720469793279,0.796495311093705
8480,-0.262777558411972,0.20362748386431306,-0.06941154443124001,0.34727571380289
983,-0.199680684211724,0.0236057210499883,0.170467045934435,0.7064526647775319
10559,-0.0971819625544136,-0.465463130242944,-0.19946801832468,-0.512472573491413
8508,-0.134010615983488,-0.569762269147713,-0.241362019355136,0.0749081832679604
9275,-0.271052731982382,-0.00514845552773877,-0.578874438885839,0.562015132879212
8914,-0.0440928018560798,-0.288499092710479,0.27053454414222305,0.73487175971909
54505,0.29792044940656504,0.0866401029065229,0.8291641682298249,-0.271056321998978
4313,0.549006718865166,0.111729652688321,-0.0265042321675565,0.15896868821947102
6919,-0.38913031916003693,0.22743304273104,-0.292002393248107,-0.169806177401025
2274,0.552516634530618,0.202765395694421,0.102433004327847,-0.487653692696502
2288,-0.316773279389875,-0.495382777953003,-0.724405652052908,-0.37063663228740507
7994,0.0812282096108478,-0.239604064397302,-0.264021778459308,0.204266781766412
1022,-0.494049549516406,0.0876968879419061,0.08927045985108198,0.0740070222946098
4216,-0.7336599016437679,0.0815965454468343,0.22999248927189894,0.0261445582288164
7538,0.0399524243031712,-0.267632706952409,0.110619817278155,0.261195610532342
3628,-0.787719802987438,-0.0882033893473591,-0.0156070930226202,-0.237877261576046
5880,-0.6622725502288679,-0.27294853198120395,-0.2938278953416989,-0.7416890404702621
3162,-0.27367205726613897,-0.268515888699427,-0.195438093251157,-0.4748837432138221
1282,-0.5442150477273939,0.0107782775755267,-0.585779254032204,-0.63308213894762
2037,-0.491576128899018,0.0397316137505827,-0.244372210004862,-0.5290683536429439
2771,-0.205302231517246,0.351527636296721,0.304354873486607,-0.0924515869040299
7264,-0.165325866025581,0.110874007633785,0.0070849664497738595,0.236906488259191
1786,-0.105758591612902,0.154194330911573,-0.30435351902559304,-0.466861649788687
5873,0.238407737433833,0.19506773878579606,0.446195560929055,-0.120288193018811
780,0.0732652263813203,0.26899306452398697,-0.16402775651608498,-0.769790271597486
9926,-0.565841365656369,-0.442997048520234,0.470290544826669,-0.252592056411714
8446,-0.8404141579809101,-0.9369177608454028,-0.6650652097946109,-0.15680120310701198
7159,-0.26030177698400303,-0.17669091755327,-0.285656091997229,0.304231762394974
1026,-0.0228527847471403,0.008207918362794159,0.23251948160918806,-1.80928907337174
7082,-0.6192693678212889,-0.570383718698814,0.0508463262905975,-0.0010626358370033804
10058,0.269032013889976,-0.666846727712859,-0.325208681580176,0.0487896190401445
10797,-0.33625308696100803,0.244294618406194,-0.125924811794592,0.331535882281219
11230,-0.644749376781684,1.5573001898459098,-0.25162154450349106,-0.19232617643645894
30836,-0.318954932225484,0.16237630019253,0.165023855700767,-0.00602181875518008
27336,-0.0676093173019702,0.0774305649940052,-0.06990819691503501,-0.331494799198452
9918,-0.7005910122604909,0.296616583312013,-0.0941661945367589,-0.128895818100513
79073,-0.8639928830486541,-0.131906358376733,0.261102055863824,0.112963559755173
3383,-0.220115502326012,-0.140461421189879,-0.2907539973445711,0.174494910816334
9688,-0.0648262127162937,0.210326427752387,0.20540520097824,-0.118603174059692
23659,-0.125632225105476,0.0688089820642881,0.48515871904913,-0.298650138794715
8396,0.109162012514432,-0.00834523393563487,0.214341698052062,0.532800606217005
23077,-0.5235868309564911,-0.6240231402418671,-0.386557747101572,0.0365367878873945
10857,-0.151770664820768,-0.384397833393783,-0.296492337689448,-0.344161001110082
16,-0.14811787566515194,-0.174014308698069,-0.00360760770709265,-0.18221314009798695
2817,-0.859034113775734,-0.776371067909799,-0.447140949884194,-0.0323985692651046
60528,0.0176208341614075,-0.00211975684120354,-0.160673246833373,0.358959115367026
5359,0.3721313933644,-0.0454736730024979,-0.7483385787881022,-0.233635620560879
1514,0.428548321958376,-0.612309896409615,-0.22710083767321296,-0.188543448091442
1509,0.12810150165951098,-0.519772526059393,0.0709813004119447,-0.7810958587359549
9181,-0.00870047582611352,0.0949758491663796,0.211566500158903,-1.04578546696476
3611,-0.378560462887176,0.135491192697135,0.0794843227062762,0.367807838342117
4783,-0.0710598498073024,-0.150735983756304,-0.24978688336975105,-0.35894420799587
10123,0.22317731267035296,-0.23558156542437095,0.0539133776317783,-0.378499879461747
8895,0.360830466038914,0.0794935769030738,0.204696254599065,-0.739954421989833
727,-0.588844798734635,0.8681672255010079,0.557813225563186,0.0340470744854167
9805,-0.13841407298834302,-0.0716735490420052,-0.28234583963730103,0.8419809876376609
4125,0.395895124246063,-0.589627462368462,-0.140598996382361,-0.151523709093895
4792,-0.216920905304203,-0.0943653799940394,-0.184042974149466,-0.641420334262494
1635,0.40783712065832506,-0.45613018349401,-0.364013604921086,-0.0309183059775282
4154,0.168677681536019,0.423436025763046,-0.7647791732439201,-0.0349737196989067
26292,0.0407345033689415,0.253983757705962,0.233097166887192,-0.21767257072540694
5770,0.0513359753329184,-0.573875043276833,0.0454962887079235,-0.636890615872257
25874,0.0770620539819319,-0.193728885379367,0.145861362737018,-0.715851487557919
11319,-0.2090369690963,0.429470846488074,0.328421803317466,-0.499310399142705
1153,-0.08403314118952099,0.20051881578191,-0.374608587112406,0.19335512381495104
4794,-0.516774585353679,0.378468291833,0.190368641742757,-0.287205729779943
11098,-0.32550988882734005,-0.0200453097353223,0.177028140733932,-0.598188583124805
902,-0.148530436560378,0.0174559176942282,-0.625813691254592,0.29546749751523
8974,0.16723768360466298,0.237132425203963,-0.456532839699318,-0.732443001119444
533,0.35317749428275,-0.12104999159791803,0.00357852286705915,-0.350558158528727
823,0.4626216357291401,-0.452203505827789,-0.0304378256713759,0.057548657945475
6812,0.22022158451696694,-0.166036768949262,0.313822085143198,0.4782882794648571
3693,-0.0936143370823404,-0.195132008521184,-0.108719845590434,0.913798917142823
4891,0.180643388743364,0.430929390066121,0.5127723031441199,-0.424684102750998
10954,0.28694148927632,-0.17683673837177302,-0.382030722592545,0.10650658817957
5909,0.0970296722684891,-0.367017916003687,0.40875792677673,-0.334311489292174
9221,-0.0408305570291398,0.238431757508265,0.6553283631768609,0.3634258498627021
847,-0.351522039052817,-0.6994973412254161,0.148662582814677,0.14177336724881098
11072,-0.274820053838921,-0.00275141792981318,-0.30173872195727097,0.5135223120725201
8091,-1.37520938318205,-0.92596853122627,-0.62176564446703,-0.679271654595782
3486,0.0885965426474004,-0.470507144068111,0.00168140653753669,0.459749126682967
10221,-0.00875650060960756,0.0814889284644907,0.409299048779759,0.41850580814897
7158,0.16644648875844198,-0.092805465872275,-0.196816653848953,0.39663925018594
10818,-0.0649511184297601,0.120448212985104,-0.16338668812652402,-0.555377198261597
8678,-0.24484871820503495,-0.137060868866967,-0.278457469137026,0.0872292998290382
11014,-0.223709537825493,-0.00933966242942491,-0.272614229489572,-0.42743559264551295
1994,0.0439942881297082,-0.0396975730673861,-0.145369353503892,-1.7963048222480198
3454,-0.1507754259685,0.0792170917234063,-0.393961392108623,-0.3760226897601901
4282,0.0423350771921506,0.271420921938938,0.0194699676349335,-0.6853374055982899
1605,0.272621876859932,-0.144602867262642,0.367742248742359,-0.532328302229105
10644,-0.306315672727468,-0.0468676916137134,-0.0365057457581681,0.23157923649824
3482,-0.589579435355703,-0.5299759548206671,-0.20412457515032395,0.288027962529815
25976,-0.00487374648349154,-0.503511172051175,-0.350807108134834,0.310375597705989
10491,0.122693366794905,0.16890795660739802,-0.24381792944364894,-1.02154786701268
51053,0.25228044552871803,0.0483365068489772,-0.38388438679462894,-0.17127548121796102
9267,-0.120568637561262,0.494636294017112,0.034465796401444,-0.8882466592562149
5547,0.17446928547299198,0.20655887667145895,-0.161551646958883,-1.15395425171801
6597,-0.110893905979874,-0.539706562780424,0.0933799866412399,-0.148677000725348
5836,0.130920245274235,-0.009782073231129021,-0.237504038372899,0.7049802912121349
6118,0.0032609165339258107,0.121047187564372,0.35708181280162393,-0.07636103040561999
2065,0.0693794633647571,-0.18723285503178694,-0.16159568621754095,-0.525659209663933
2961,-0.651368397751782,-0.553761213847765,-0.13648136639717198,0.125760570020659
310,-0.0156285868741756,-0.522129927060173,-0.44011148563111896,-0.08529533427948
7296,0.505729643705521,-0.132136325553029,0.0153404792161299,-0.21146779582784805
8321,-0.373028527392223,-0.142159885371849,0.31177102428641995,0.8433578822327941
1429,0.0748823084503195,-0.231576897228898,-0.20657484663934905,-0.24148391657170495
2548,-0.107134599199159,-0.395060200998573,0.181261754208679,0.9844302802093672
6499,-0.23567327481149106,-0.0832746960026646,0.0602110520560065,-0.126723030704967
642,0.18211132969574306,0.140052068586158,-0.21348058618014,-1.05577483578941
23076,0.325637818721516,-0.331273747260152,-0.30154974567955,0.475557376975059
10099,0.110531234175215,0.18922850229939006,-0.219270335389807,-0.644872114716015
8503,0.0858775362194778,-0.0399424471808705,-0.393994272564088,-0.351560475051464
9817,0.273420778516797,0.203697049902023,-0.16892224225900598,0.0210380311195203
7027,-0.34840511678561703,-0.175337438972998,-0.37236240063259496,-0.3532132153126071
9126,-0.168237893653813,-0.14808419083979998,0.125438392197363,0.4215035620727979
3930,-0.00142004331574892,0.14635512308277498,-0.0735324317849641,0.7400300885587341
10450,-0.765848341048518,-0.663514937463523,-0.525978169894126,-0.257425281928486
54386,-0.0615450439322597,-0.4124704186277861,0.0321532146529424,0.00978474947811568
664,-0.2221524591361,0.47547827499802,-0.852389384631509,-0.16411531629677698
596,0.0047902661254761,-0.0487147833202433,-0.263609314823514,-0.41060033645049104
10180,-0.17770896043432002,0.07478107137836,0.0113709338444031,-0.830806086691538
1445,-0.0197152444990501,0.405768195004315,-0.289614559217537,-0.954896362409855
230,-0.110471222918038,-0.390408405750134,0.3241528425212151,0.895735689315277
9246,-0.428789067476319,0.22264322090052,-0.000149277875961154,-0.260737997749477
6850,-0.270368271448262,0.114354533800527,-0.141829594766835,-0.19288406917276896
5092,-0.62006668502092,-0.358911522577928,-0.4526597002423071,-0.0983342199253971
23463,-0.4751703493575711,-1.17431136585425,-0.562573791891511,-0.6777828766325401
1978,-0.327972497579331,-0.0711947789199481,-0.291960097946915,-0.54953176290911
10007,-0.22821890095097305,-0.5772889134671421,-0.00154698726193973,0.6215098858560489
896,-0.170309633875034,-0.8121913380821851,-0.0924792668919571,0.622195959774297
4925,-0.118548661589725,-0.117061871912537,-0.4579996390521121,-0.0925513273572872
6251,-0.17657242634924802,0.199201199171453,-0.118795538752085,0.0493325483250605
5777,0.0194164117078731,0.20615173202141893,-0.18921981656465695,0.0534999892785068
1846,-0.102712225706427,-0.0989852404268716,-0.0600429742117967,-0.0753272349489594
5782,0.145492953294002,1.07599852505975,0.5203432018455251,-0.754747487911592
5106,-0.252114960439271,0.264163897121147,0.0960023212962762,0.0104055439580151
5925,-0.0525561110018339,-0.460701334178277,-0.110192953392981,-0.18901067984832506
2673,0.12547198163172998,-0.0850781023927827,0.00945677425468284,0.452336215345961
644,-0.231636107790146,-0.31730216441208897,0.192293104581094,0.408780301553894
6284,-0.187371174818356,-0.388293792017318,-0.0278962049343514,0.188469221561386
4605,-0.455881020557588,-0.624925000690621,-0.289988720467466,-0.22141258375330106
6810,-0.0941254219145704,0.332089742039736,0.0918431640691676,-0.804046359943089
54499,-0.0347746936063476,-0.246835057821032,0.14075980879567998,-0.22188998233725105
142,-0.575987543099609,0.456510072448019,0.348547520986425,0.3509369392233089
11007,-0.3170525833275969,-0.14289649895332598,0.107839921440594,1.22419258153146
1643,-0.396084209906791,0.0396040370861047,-0.3452756750362331,-0.219004405246212
25805,-0.288789898580717,-0.118881088387532,-0.480385749976276,0.442598583873672
3033,-0.120114249725328,-0.23017116072669294,-0.39491739311388896,-0.7816997777825101
2745,-0.0615571587837045,-0.25968439710489805,-0.268794662104913,0.000172776106226291
9961,-0.018019825385091,0.290863107707154,0.591026231563581,-0.313072097901021
3925,-0.3794225227700849,0.137411535920237,0.23917767255871106,0.6266781498712929
2582,0.135171057752005,-0.735994063416979,-0.23163733012739104,-0.209945171216847
5792,-0.872028014867617,-0.269474365669542,-0.441237991967651,-0.6213904128694511
5236,-0.471311977770226,0.312162394977491,0.508417132901101,0.695685217786845
4016,-0.5936676686945339,-0.21654566224171806,0.163757432313471,0.7509925450719009
4651,-0.4985602660996311,-0.509127291793887,0.5385436083234111,-0.046910625083000985
3988,0.0786988469673382,-0.00891907126146505,-0.281700744156871,-1.7440299406781798
26227,-0.0697736068305898,-0.28313133274241103,-0.5655316477916921,-0.534990601738447
7982,0.0814885660984323,0.257983053199678,-0.127457596920962,-0.8140765198341909
3551,-0.238062289643858,-0.43262628649322704,0.28014154144290304,0.0460637395067796
5108,0.17934688898567006,-0.281602285992103,-0.377137135976445,-0.537078200699794
8870,-0.0222360296994734,0.0684742628938041,-0.0404142428407845,0.0208771338107938
2195,0.26793758177189103,-0.562967716726482,-0.3009465196168269,-0.000256667824766651
8731,-0.0240866829234365,-0.7282278603024399,-0.378360535424379,0.5115218396200779
1956,0.0149433784556173,0.31426770979230395,0.0655778098393603,0.155308082784333
10276,-0.396133757417634,-0.599130005737972,-0.30183753426628696,0.8707623095279929
1666,-0.453565260220469,0.281683052086276,-0.0216777141151465,0.181994587725844
1021,0.23776588651436,0.0808779165587067,-0.118255637686027,-0.511974501502548
4864,-0.568387413021198,-0.190175665697112,-0.0376568691783517,-0.119787673274989
4232,-0.36637132953317103,0.00048037664745925095,0.0862016618451587,-0.4969557886806621
5050,-0.47155603643918,-0.107904605291486,0.332435780896105,0.639453840262473
813,-0.40160621997341706,-0.5101840410113649,-0.13230439075617098,-0.187294867817638
3964,0.123840980535651,0.10152843689739803,0.0386034955915137,0.181738928700814
26020,-0.280008162834867,-0.229787325596065,0.206501251812028,0.159643177263773
481,-0.359977812309706,-0.477467825577773,-0.103778849414145,0.000905982619397568
5019,-0.399845596702645,0.12919308697602802,-0.4663625839488,0.438813258698057
291,-0.136674941336723,0.137423864651868,-0.09474416924775,0.32932014161145395
5699,-0.133655635808175,-0.168873975690388,-0.248910425188494,-0.58452909383672
10973,-0.27813319024384303,-0.191103666711582,-0.487439189521567,0.223088069168438
9697,-0.0950390587436535,0.237692635615343,-0.114948331902096,0.0872017298432953
5831,0.0376065881397449,-0.316619160622323,-0.218006173193998,-0.429112034540066
8202,0.10615464255261997,0.11690175943480098,0.0134234153867275,1.0133448459029202
57804,-0.0753747635591578,-0.0152156525796474,-0.3897417429978611,0.486131405462051
8061,-0.35384462756411106,0.228769756551303,-0.176645556318727,-0.156782818589817
5566,0.461165862817192,0.742165092433944,0.232689764947353,-0.4739952484904661
57149,0.0204104333088175,0.33524297927606395,-0.026553947489939,0.0110576392709948
7416,0.4482717260113781,0.38652736866884296,-0.0719458912200902,-0.5687544930568571
10174,0.053146940633825,-0.36766686525932496,-0.119690176663433,0.417254485384845
6676,-0.38629795830334096,-1.01230850096713,0.282944034068876,0.483704736567264
1870,-0.7269583319241701,-0.0263972781710008,-0.116976213148283,0.974695699881276
8884,-0.0424461988830533,-0.289881307158028,0.296436679176305,0.161854131763944
5997,-0.114860508819795,-0.0856715055736215,-0.0170302171575011,-0.425570007497695
57147,0.094683559860095,0.472038544530359,-0.44688876214880296,-0.106916492031085
6909,0.279253083993323,-0.41461623881171705,-0.0546043135219856,0.147225319333719
9093,-0.0940877310380956,-0.35500023597013003,-0.124639360337373,0.184846806597585
23142,0.59855431436231,0.0956912068856285,-0.452263955026405,-0.59669067295552
8444,-0.0736580429314627,0.240922378653604,-0.0477275392417859,0.312650898185388
11232,0.0972337448598596,0.6151862147973111,-0.0309685820137866,-0.506773446925294
27095,-0.245014061741277,0.25651268209391004,-0.0225776959808939,-0.988989774556192
10732,-0.463833775287858,0.581979130732205,0.637966153429827,-0.644846008798042
1398,-0.0282335722528918,0.4088084798390301,0.0305720792846829,-0.115322787039238
23029,0.0153765193976373,0.0423625987623139,-0.170972076147019,0.24656904452969894
9270,-0.485369807377839,-0.500524767667339,-0.457206982205846,-0.22619082763658
47,-0.231172718363413,0.279625752364591,-0.302475102015297,0.38275979492669104
5889,-0.117003435824282,-0.095378015710625,-0.0883686756814855,-0.69784758302801
8243,0.3744954764050609,-0.21511077098505504,0.296446931399448,0.9421402567216568
10730,0.3343905370552589,-0.113875074407041,-0.179504118392572,0.0115080698897842
30,-0.463891843315221,-0.2791235702573729,-0.31295906811315005,0.20825213238279505
3312,-0.32105657464992,0.0028123279605936397,-0.118256626764291,0.26888222447600496
891,0.19143536840364495,0.682635445890643,0.311691336436388,-0.771745284856634
7466,0.554743940237652,-0.6929930876140289,-0.29577851698075003,-0.77759955671223
89910,0.152518748151403,-0.6316372831490761,-0.24864881192209096,-0.0781355830353438
56654,-0.215763575368779,-0.6296038850641529,-0.0422646053487533,0.66630780857476
501,0.45773058458522,0.0858802207777997,0.3530944245084929,-0.612160314161671
4775,0.311561678534489,0.181965693955587,-0.0947891498260709,-0.0485607592877397
5111,0.257880774013617,0.131550202518717,-0.0325584551287308,-0.8683614777231491
5438,-0.147231490720071,0.537938553392338,0.513776735145133,-0.81308913885438
5696,-0.388727440583477,0.455526029158603,-0.35503689788072995,0.17165331052896998
26993,-0.0899223741667873,-0.203903247886399,0.0747507728619307,-0.664140740870121
55111,-0.336105425347538,-0.459295319961789,0.0329672313299501,0.109865327256272
8520,-0.21469265095201295,-0.0876752115535844,0.0569862335911382,0.325893125514093
10146,-0.27872830195459497,0.21763058215265896,-0.0615293365735828,0.568138927745661
7165,0.152905013160724,-0.6713499162138921,-0.163295766711491,0.5906761999526321
55011,0.347141724452921,0.199543062487849,-0.0561432728133812,-0.523866361018999
5588,-0.00232387695404056,-0.299652225946355,-0.169075158009597,0.344952783755867
6461,-0.0144856949448426,0.226906162541659,-0.541039261304586,-0.102218572805498
10813,-0.23360617374738896,0.18007227459109998,0.314350604853526,-0.7222349161472851
80746,-0.146168797237681,0.0915269986285573,0.301310356465997,-0.213367346247112
6839,0.0500886663585249,-0.25800176746659,-0.272037483726485,-0.592179181660889
10434,0.0399277609638346,-0.34429892169365994,-0.232463901048572,-0.429509170205605
329,-0.273685099087277,0.783200490555899,-0.283744966335413,0.167380779962887
5607,-0.006447391044331161,0.172550905326326,-0.2523255303023,0.26265034125771897
22827,-0.32826167822353697,0.00689490589221497,-0.6166649107594089,-0.17650084355847798
51635,0.146964744166948,0.312093511060824,0.0956637471488277,0.519912751835949
84159,0.36873786030659705,0.624303876237519,-0.393174074557589,-0.332546526660956
5058,-0.363618531634707,-0.4720961557963421,-0.0273547373197143,0.319995051268612
998,-0.71768881694321,-0.0961081527064253,-0.327431762078773,0.692896361962655
3508,0.277516680710883,-1.07340814289439,-0.0645926418739025,-0.0863329505825423
84890,0.0332180203868061,0.39681033702412105,-0.054412419311419005,-0.540202341221705
79600,-0.204267087301201,-0.429317537408524,0.296048481072966,1.04267190591094
8574,-0.126512991685945,-0.153891499916837,-0.680265551295843,-1.45654858346126
5529,0.0247410686381867,0.12435484062829197,0.158658378139941,0.273520140409111
3909,0.404998467071868,0.0808953203956196,0.0109732761735017,-0.314962211566437
9134,-0.0493114538175965,-0.0309060119168384,-0.164870415997914,-0.93365015003191
9637,0.32538510827487604,-0.200024295825394,-0.164308537957698,-0.017323619062661
8518,0.15374101477802898,-0.359090507475504,-0.0975695662396858,-0.33159786665220803
6443,-0.3324087403779131,-0.473959752979969,0.396213576698381,0.223329576517656
58478,0.266034104779703,0.392873439012,0.0697765293913873,-0.284540986090839
4850,-0.0210361647696916,-0.0404679220994868,0.300257574007991,-0.3791989069889351
6616,-0.0590178562753147,-0.18987759407806304,0.163301325118944,0.570226319035944
23210,0.307524532370209,0.0542948481499697,0.0227785066976554,-0.377656187612361
54733,-0.3758962199057561,0.0916736118995376,-0.43228751467748,-0.398294146546204
55129,-0.198318055740288,-0.0793301128225003,-0.29103638865540504,-0.7229671415413879
10273,0.17796900287176395,0.32296312532791605,0.00847422267556752,0.7501101933346291
5223,0.0144145736412582,0.0730495500404301,0.512200806911221,-0.0878391046259995
572,0.206316909912696,-0.215082022023457,-0.122440899399121,-0.169448848083283
5716,-0.13554131267931402,-0.289072937364633,-0.102919862901443,0.128429772791221
22841,-0.15683931262228,0.851815101607501,0.257565290247432,-0.896729407156345
2356,0.0672757604582383,-0.810760719032529,0.4299841938045271,0.7476980432732371
6050,0.816888406408971,0.0809183655773305,-0.0162749570036732,-0.805636571034105
64422,-0.4826035994043139,0.456107964714516,-0.387179415080743,-0.38653629478790497
4690,-0.22759373103546,-0.122432710818622,-0.321373510789846,0.380270414278016
8837,-0.14112018087300002,0.365400164359524,-0.15720913962598002,-0.185469894335339
55127,-0.29815821935967496,-0.437274447159134,-0.154313443006802,-0.672875171324188
23335,-0.0741078276205158,0.0610604059666119,-0.21896912093570495,0.0261693085149988
10270,0.0939700192204041,0.545892171424446,-0.236442819632444,-0.458129923379479
6509,-0.675569951433979,0.17319023776596806,-0.157933448387148,-0.212470500548165
83743,-0.635540894334353,-0.28640136060806504,-0.736585625149218,-0.425000354964204
6772,-0.7230095224987858,0.157901212726749,-0.183462643270282,0.359618847533262
22887,-0.0142785321755603,1.06014896186851,0.386324618478004,-0.936569685564463
51001,-0.284933725007852,-0.475237054984245,-0.550768706103975,0.500580926598574
26511,0.41038243781108297,0.373535027553839,-0.0680586764648005,-1.27373658583084
7874,-1.0137418391112298,0.564086664777922,0.256953297610865,1.01175557512494
51070,-0.297947643010532,0.4087583803548221,0.0280567280492503,-0.247139091212987
1738,0.202441108427456,-0.5617956863164161,0.052842914110498,-0.728963585203614
3416,0.162878924601254,-0.5040119353393979,0.25730258211706897,0.137864737822754
958,-0.16306284802257298,0.3566996578356,0.27543748442097304,-0.115919849345961
9128,-0.15437217056798802,-0.0745755643506835,-0.218698371555977,0.110884216496244
9833,0.16832259384484696,0.23698562657882,-0.0949071625266747,-0.33674589547521994
1616,0.0319073997819273,-0.0650147101210643,0.471541916578663,0.0685754993399925
4088,0.193726451493474,0.494508059696891,0.229252803375047,-0.23229630338889004
5018,-0.3542535133852489,0.4413728573958951,0.00171757532852738,0.0032699175549648607
51375,0.501563645025949,0.0428037789879015,0.317080183150168,-0.391556259025041
55038,0.33423621405526394,0.0596479554919135,-0.0816023691556092,-0.620258685531922
23061,-0.3483891896553989,0.0312618845641931,-0.367650322719901,-0.6976082572086769
991,0.0323313265769395,-0.219464833692852,0.0135488766648045,0.0345527452369946
64428,0.148976108467225,0.00605722743520295,-0.292774647123745,-1.1069339023059
11325,0.0716272790054389,0.0344373043671201,0.209024749919237,0.265435930584809
9641,-0.736223833107319,0.567248718490049,0.0548745301208874,0.364110631427738
6347,-0.245635573389948,0.401284503328325,0.316511767180003,-0.6108653802402629
23038,0.0223039602623741,0.673050566909222,0.20487375193184496,0.0752326530227585
57048,0.253838899275469,0.155132803416998,0.28331327068766105,-0.937063046380072
94239,0.114968375786127,0.581802025585263,-0.0304902855900627,-0.7445902346062421
51203,-0.31158056594976,-0.0416064768538578,-0.0621923426756888,0.0472923684237209
388650,0.229215571687502,-0.428174249915155,-0.15609429092079402,0.32782214120729497
6714,-0.465013257847858,-0.260733712333338,0.0617081398871679,-0.320133681968653
652,-0.664167135244772,-0.751963530188855,-0.34103741653635194,-0.672086930241399
23039,0.277088956429312,0.0890848137862272,-0.185853405281348,-0.32058888336051
55179,-1.05548619442301,-0.3932278349023369,0.0708847072894252,0.41954284203864
5827,0.0877258459611236,-0.396793981479872,-0.244052644905574,-0.4032875382623979
10245,-0.229538556699678,0.105703136763316,-0.0580799143661725,-0.63341511735983
6813,0.299294274663178,-0.199715428335484,-0.134796805882099,-0.123217242194977
4331,0.116760803638701,0.142840491181414,-0.478558436823647,-1.34643892931665
3251,-0.0377077181353523,-0.211797441372185,0.0141594410804677,0.6054998648603189
23212,0.42481943970228,-0.443658246164819,-0.585317146633266,-0.112495749895944
23536,-0.880019278078533,-0.3667114435811401,0.17432932762574402,-0.0498822069427629
51282,0.134032853552217,0.112410758668501,-0.253131003195375,-0.217940911274037
10227,-0.0637791238190498,-0.515588157448301,-0.023808144022552,0.7550640135770358
50813,0.19388143311191894,-0.703202151803792,-0.400817348073267,0.241256152354257
51024,-0.0489451068419837,0.476763544044468,-0.122958971558709,-0.212242457914056
53343,-0.42036930936558703,-0.6190976458915921,-0.29691103425175,-0.425227285652586
1465,-0.6107899910829371,0.0642221903344893,0.167352371478891,-0.623105705537656
79006,-0.0232990707725154,0.8439709243639809,0.675535830301384,-0.289010148105412
6988,-0.717737390758058,0.5039020901451551,-0.0506388171300532,0.273210260337116
11011,-0.104093466451518,-0.526141612698545,-0.0838727089017547,0.712220285485266
23325,0.33610653340193,0.0493165724167075,0.110443037246524,-0.8894424794333761
10049,0.0578625615066799,-0.090444691051821,0.135675104065076,0.601894174074951
7099,-0.08863211511169801,0.25435803775827603,-0.4927492712937439,-0.3729473992152461
3157,-0.0437262928762724,-0.00985919655943589,-0.22811416042896804,-0.0813546581817743
200734,-0.5993491328954351,0.0737982515377798,-0.5242530516262349,0.131352035391862
9053,0.259885659830447,0.0106793409838806,0.206523516630035,0.651868493637582
79094,-0.611075063712276,-0.162453322080034,-0.255727822301316,0.464203846581203
2778,0.0697669827770627,0.0389853057276167,-0.281396278867288,-0.584458274263093
54881,-0.0627769098103278,0.8340673879570509,-0.102412016035672,1.4021496146064298
54807,0.0850551106564418,-0.130108352660402,-0.362055872955154,-0.7919166849102791
10320,0.13975811575684194,-0.0160818875158946,-0.12348960754427,-0.787604150697968
323,-0.285136293536275,0.6099445223865171,-0.372835214269562,0.202467694030481
26001,-0.129260029765879,0.11905185131721198,0.122201498219275,0.0066796424691092605
2042,0.4626438251606021,-0.132671569911773,-0.305447195025205,0.006521181848756079
10190,-0.00432020546656197,0.0410055777700422,-0.206576509392962,-0.386628675936364
9686,-0.34982960209344394,-0.121152919915637,-0.39345393158700304,0.24964771336153696
843,-0.181435626411612,0.0921829150915859,0.0819359162318198,-0.164270617434526
54915,-0.0860555210857461,-0.325969825064282,0.475373574204149,0.0545915499116886
23658,-0.277328785679211,-0.4673197338476301,-0.0710541331144443,0.19038216071279
7750,0.13553109475610198,-0.450420936883027,-0.4981987346484721,0.464595468049249
79643,-0.0898010275894597,0.269122147265654,-0.225896053640465,-0.599552808070775
840,-0.5782561122887889,-0.27718634842600604,0.0509506516760213,-0.277647870091476
9488,-0.300693454227385,-0.18790903545951695,-0.243986837075814,-0.319947443066618
11200,-0.220006515242339,0.411325773441193,-0.0807503516242694,0.5257648937934041
65057,0.7369576507429241,0.0533771467081993,0.786739054038968,1.39950937711723
6832,0.042864392788225,-0.259896463044012,-0.223580085533984,-0.0190217532693677
23131,-0.430448237891036,-0.0399686937569498,0.319802785665923,0.6082930326461801
7048,0.0732814486768129,0.0273056763994529,0.229847593435098,0.43754291152238506
4851,0.382015082610676,-0.273010371797402,-0.0902358059016384,0.491037313696048
6464,-0.541464882278189,-0.23374620639696,0.18036899885734806,0.641956233665364
10776,0.351794006301635,-0.0656039150097173,-0.19995583268201395,-0.314508766421054
6253,0.8027375795637719,0.15460293021239402,-0.147228810002248,-0.18495122360529
79716,-0.19366379018344496,-0.445189568202961,-0.0752965875510389,0.665433960910578
23410,-0.0237156732122956,-0.7911901055412429,-1.02237943627641,-0.917580686498532
29978,0.145437808846415,0.269009431234894,-0.26184966337534,-0.5699822845366309
9988,-0.0711609006074227,-0.29554838633582503,0.165496481105546,0.225792416266035
10845,-0.0168127436215835,0.0240433165993483,-0.14715404876098098,-1.18877596076078
54957,-0.437440612855434,-0.409126553432562,-0.16564182094630706,0.7624783004342499
79170,-0.0749004099212611,-0.528598364579086,0.115006519002723,0.30843245517941104
10610,0.207335877275728,0.19565561054132305,-0.337817605855911,-0.33680356608361306
128,0.150906916014324,0.703707539224364,0.366175458422483,0.9982982484464632
51026,-0.635011578171551,-0.14367035159007802,0.5896968036507939,-0.275361944468924
5498,-0.3779308246334061,0.181090211956462,0.18111392666630305,-0.0023707658417096104
124583,-0.393805768523398,0.456916177549683,0.225288597475306,-0.324366016756595
9455,-0.419349420671176,0.0135167091689578,0.5998871866988901,-0.404745395684252
1212,-0.699860797656312,0.0129238759595254,0.25253768385412,-0.035878362997475995
5255,-0.0593561466832834,0.252557548193668,-0.285289544938136,0.10892825961139803
54205,0.0618140727995812,-0.29779540762973306,-0.0104687553356636,-0.5136214620413749
9448,0.0160964764607221,-0.15039162139695098,0.305593225765354,0.10822622257357
9924,0.225929444566131,0.6669391487843941,0.12282582299156597,0.216295970301375
5480,0.00844359141729753,0.111347070792861,-0.100107038293812,-0.0341142811618078
1983,-0.12795782895345098,-0.0346814986833641,-0.299309606378326,-0.29169642965108505
2770,0.116320427727112,-0.198806440853682,-0.22001079396027104,0.183686453424965
56889,0.573109782495879,-0.147977728370227,0.0267016711402833,-1.82550043052429
79080,-0.323956862030025,-0.244690524890439,0.576894810884506,0.6520611372752559
9016,0.0124883556259822,0.077338531796123,0.35609315571839706,-0.340634630157917
6915,0.584374244899014,0.14648190308913098,-0.0603892685109672,-0.627096077878217
80204,0.0196880212013747,0.37988438511022,0.5827767736170539,0.172480792578734
9709,0.331304492227,-0.3355534714867561,0.130953862268058,-1.14453531037444
116832,0.134017653949211,0.127216899850738,0.116122635905126,0.27201315558916395
670,0.0444261367080801,-0.464722511165097,0.27024939369817896,0.329019339245735
7867,-0.321671098983505,0.0844741945496675,-0.22612717818219,0.0998428945842865
79143,-0.0315325763464281,0.113479793331148,0.00241408954978112,0.5905497248735301
11284,0.1017884681291,-0.2992697946890721,-0.241143252838483,0.419627503871936
23443,-0.374443756074137,0.5272212886091071,-0.214562284492108,-0.12323399181382302
51599,-0.206988419882539,0.215328102069118,0.608945899994204,-1.15808396707486
4208,-0.23588959132273604,-0.0132951948196667,-0.492412155791211,-0.4426765867790751
5927,-0.23911850055536896,0.5845555969053541,0.0671279318773488,0.234107139826318
55793,0.265999131508744,0.233463499339659,0.484428109189764,-0.9448790767844252
5867,-0.22658938570098006,-0.36895458636405,0.282209288630514,-0.127874825548475
7866,0.274620800601931,0.0227302233269662,0.4084479379346049,-0.338266565492659
25825,-0.295042571498776,0.0739016641863473,-0.387775040087003,-1.16370635125195
4067,-0.3544048668972479,-0.402040302178682,-0.101023923829813,0.3691905365550779
51015,-0.0993020758032025,0.102020397582705,-0.33359725436022697,-0.1998386746452
1845,0.142435421847092,0.9515745649173728,0.0758732743864859,-0.0242044693752957
5891,0.0600107562236585,0.33359483494454195,-0.0344485344874576,-0.557849239571406
23368,0.10577575476586,0.36233529284743504,-0.183133869052163,-0.3343636133514289
3300,-0.6571735372826,-0.000777411402563216,0.267033961428555,-0.536842543541409
64781,-0.723586128620726,-0.474082728377236,0.201481811813266,-0.416537795233265
51056,-0.35237218494529204,0.27263606425129,-0.16821836010282598,0.3615453232095261
8550,-0.0533229823293512,0.0295791494668118,0.0214042612332995,0.33297691843510696
50810,-0.0714571098008477,-0.6882164771266679,-0.241474020033131,0.356298124614243
5583,0.481387293682979,0.00598609831730591,-0.14027404067237806,-1.15265242588889
23011,0.43067616979525297,-0.20561613444477,-0.31012652759633,-0.6014975278623079
11168,0.140278284623132,0.228012426944721,-0.24813174850987,0.7256271202217691
1385,0.426281216637304,0.40115539531226896,0.363506273897015,-0.32090982050745503
10150,-0.394792131718284,-0.0688236047599687,0.0292595814985331,-0.5467420673381489
29763,-0.133431976585273,0.271327700079322,0.32085337213922305,0.1056016259431
9112,0.197152737724004,-0.116325116464717,0.18489695347118806,-0.107885240396529
23499,0.268507673850249,0.317162526689778,-0.243317822151132,0.0870257458910179
8900,0.242417986747978,-0.556482680502462,0.0059160604255121705,0.20657025870481896
85236,-0.201403121277353,0.131959925356711,-0.0942187234964858,-0.7745115302194391
5096,-0.571549467809444,-0.376478200502791,0.16586563420588,0.5853790722480141
55620,-0.6738311061868439,-0.0609030171795721,-0.232309733035601,0.519607465442543
5373,0.23882316132452694,-0.213595149120192,0.227696496011653,0.259065694157652
51170,0.212069440570409,0.294519130546972,-0.0514436579347654,-0.19883295482910604
54850,0.210221819667298,0.37773966633422,0.0385306814851354,-0.700039579368988
80349,0.131597382008187,-0.35630967912678296,-0.490591375674359,0.409963894678447
355,0.30589587049433803,0.409189493090772,0.0114481496528969,-0.7997942835606429
1062,0.524012164099536,0.349810247874898,-0.116620703293032,-1.22118861367678
8804,-0.0652411130791022,0.0138634604041711,0.192446075515971,-0.106084873148784
80758,-0.0197191696854137,0.446731526529354,0.9792260128547512,0.431172873170005
375346,0.0878696139245527,0.0689826085594917,0.0195419283499601,-0.7818269323471471
51385,-0.309615224731056,-0.118503067409474,-0.0520327837172577,1.07022582296223
581,-0.121458434460973,0.23043039094376006,-0.416935577064457,0.405440486441425
55748,-0.15127025165400798,0.6569382122726739,0.7029634205771451,0.57536078505197
10318,0.0631114330975535,0.5477034058053429,0.0942109273799803,-0.30370578934354303
54681,-0.0223784949889768,0.233659881836375,0.666685924883621,-0.196303671538876
7905,-0.0539882518696209,-0.442803112872553,0.0825245273027967,-0.44602154729293103
28969,0.515607127902303,0.41102778889514296,0.0054486406195989896,-0.0599748410721654
10668,0.254326822810679,0.379267312625041,-0.203705695575309,0.113046878786157
51005,0.151009258425563,0.0137406407939385,0.7945693719249891,0.504010098084809
8800,-0.0597714146124531,0.207273030574545,-0.324379277731141,0.5697075498413521
54438,0.349637816758231,0.16910797733960595,-0.515833737528863,0.0706100774903266
55825,-0.114477487265428,0.121091985311356,0.231245361072177,-0.103990711933562
8835,-0.193644666275496,-0.0270176916714894,0.0525039617450357,-0.34706065793298
64429,0.233824216975157,-0.214029768358156,-0.8019091053854449,-0.787500675325975
3682,0.214426302612911,-0.164420754209281,0.000428564390302019,0.377473501815151
10329,0.0869125128117046,-0.3665207259402501,0.181664082933226,0.0646437641794202
27109,-0.317759505632516,0.702184214671561,-0.0055665651850094,0.8739170025919629
51335,-0.28699664414160697,0.0359655598482606,0.359994689587975,0.202805337666726
3202,0.0469438147642734,0.22782452922750104,0.350709534955182,0.481759046510353
2896,0.31504895485971696,-0.545989342016241,0.16259097871629902,0.287321806085578
79902,0.260363153133037,0.138081785900447,-0.00764721796466586,-0.7067947385098999
29083,-0.228473319854284,-0.322249233736324,0.521247056181076,-0.24952540366436
5747,-0.104997788357417,-0.5516333592484399,0.0284816493270919,0.259718257665078
22905,-0.16914301546705598,0.215459649933242,0.4206514034444071,0.41387657995343
63933,-0.12869862237829802,-0.106482968053963,-0.182934745699101,-0.188754462521101
9847,-0.264573791363114,-0.267290505836284,-0.16904558708569795,-0.24395564022315
51021,-0.0413946656116359,0.10167661378257402,0.237523209114964,-0.42381929514441496
6193,0.092592969683078,-0.16877963409601598,-0.3770971658024471,-0.0867563176680392
8996,0.0412920474323377,0.15449088138266598,-0.24238687756592,-0.417456529818371
7376,-0.0698525636740098,0.0482505703883499,-0.41394358272512,0.23657390895936
5357,0.008253892161805271,-0.0406339353190287,0.107580786237557,0.23450773667980604
56940,0.0984786847484002,0.0687199646851802,0.107179772819734,0.6134141322116079
6195,-0.13449231044910198,0.114534395055082,-0.497100922856275,-0.31663462451441
1633,0.153383304851133,0.583531523718879,-0.441082240987198,-0.0824211676078192
23321,-0.5754760396546611,-1.06305519139333,0.036251490225153005,-0.540500954774927
6622,0.5866732386014599,-0.0602601075939151,-0.231573103132246,-0.94752488140771
51160,-0.16203046617340305,0.0429533457326665,0.307942977093112,0.440545237228424
55604,-0.415121718458541,0.329245337710804,0.332940729517687,0.14652579095743398
11261,0.0636353517909558,-0.245032509919234,-0.465731991242745,-0.648744849243001
2063,-0.0963657378756303,-0.192931698600468,-0.261955920590887,0.5387661590263629
54512,-0.119621816555425,-0.10225038592519,-0.399794978911544,-0.847247765720479
9124,-0.14604050449632902,0.750717447956284,-0.396974296040966,-0.336602072721364
79174,-0.6247636084789211,0.626361547190677,0.3753969842907271,0.5129729361014821
23223,0.199060415260773,-0.623987073359493,0.157988910795725,-0.261058339795533
39,-0.13820579767521202,0.4789412104231121,-0.0574632925766614,0.14963263382070302
57215,-0.103141248807828,0.0554978052241548,-0.14587840089008094,-0.250859472841242
1052,0.210247581030726,-0.185504530806261,-0.343159021016656,-1.41306536169121
23139,-0.07828355433267199,-0.198078073685224,-0.178290221316653,-0.481513193886534
79947,-0.123473008696691,-0.332445639054472,0.0015798743146757301,0.51932890432289
4616,-0.245510587859144,0.365769073474145,0.289212026505681,0.43661840854164
9710,0.32937163985306395,0.10079931772254,-0.346972586845769,-0.464029460580179
6990,-0.21112297314803696,-0.14001027088757098,0.275147099895754,0.416958115764968
29082,-0.15540176269235995,-0.0278775134136419,-0.195418287678311,0.16514066264316402
9670,0.188982157470758,-0.153556732697479,0.0156293235917737,-0.23699938537079696
81533,0.8269193843417729,0.204339722984345,-0.594821259008146,0.4593591759193321
6696,-0.33743734963062505,-0.224107099797182,0.177655748443182,1.21950972922477
10525,-0.0558710695702638,0.5748532104430021,-0.30759034101184995,0.9178110777126558
2353,-0.139526529048651,0.18879151546901696,-0.0178907245078173,0.325237566725984
57192,-0.313768075453278,-0.440680425868046,0.49845832781787,-0.0627407938621288
3398,-0.225860417786708,0.00917399677787945,-0.163824669901309,-1.16139209712873
3775,-0.0520287336681214,1.02815023936172,-0.259651761356634,0.5877975730372729
8312,-0.177778529018105,0.16585418744563502,0.121991381089397,-0.0571746959242572
26064,-0.19548014463995006,-0.0006943912890841201,0.105979361577307,0.352629354298075
29103,0.333828627406688,-0.26398024089644195,0.0431180026552622,0.38281091267071693
3206,0.36091139293097707,0.187746149991604,0.277094860936668,0.126970535444859
835,-0.52900063622546,-0.26936970661886106,0.2945052154383,0.8887168532610649
1500,-0.469944870557245,0.640868730788792,0.173821061613244,0.246132332711251
7690,-0.0367558543143161,0.0491385231118169,0.19008885389027105,-0.114520424330125
29911,-0.254240634189849,-0.94697452732482,-0.0821025806787311,0.0906023091494312
2064,-0.452549207763984,-0.00944632256299217,-0.664910389971898,-0.586687050484322
65123,-0.133436349259595,0.134032881285033,0.21928848422572006,0.324695509341181
5986,0.204169252916413,0.418493195467603,-0.0411732500718918,-0.8313949784859399
85377,-0.339127783480568,0.0733151642297328,-0.8247249731243259,-0.32887738118604903
9903,-0.0772837308960581,-0.18840310331983,0.0223169330273941,0.132099798560237
7088,0.20327020269792706,0.10895538407805802,-0.16671136364807598,0.147712022776313
8324,0.237018937386132,0.156336597866007,-0.13015224654975802,-0.698406380302013
22796,-0.256004703220732,0.0359840328741916,-0.0239915601658425,0.476543473403331
51116,0.281598636623917,0.4937275989346839,0.396535623280659,-0.25568836699026504
54442,-0.0733872864360199,-0.101251882181231,0.183695843722557,0.559916054305911
10695,-0.23898819103223,-0.13382448024355198,0.22598141109242495,0.173740516448677
102,0.32501812007116804,0.35028602626753097,0.363952847411114,0.921820814573513
965,0.0752968388189493,0.275855709508808,-0.617067314172671,0.014227361436716
3800,0.498732905446859,0.29069720453825204,0.677503805173723,-0.791289837993115
10362,-0.148820187823404,0.0293180487779815,-0.339437044688581,-0.0293315306256042
5300,-0.188966976902945,-0.890007241800102,0.0190405985029699,0.166887456324616
8270,-0.252346621371567,-0.5950068027398571,-0.0319622954991133,-0.456662541947088
27242,0.601883387430766,-0.119419719367895,-0.0219001336176082,-1.02318069847535
9928,-0.0487685531758063,0.200350093455927,-0.34956916353627304,-0.0028929503771457
1848,-0.000810782364365756,-0.0370403238215105,0.601729109264449,0.0625343601230657
1534,-0.143472262515233,-0.0214986617720429,-0.352704881673356,-0.415800914009606
5654,-0.0274786100865258,-0.0711891714400783,0.187919754673272,0.210209676770762
10810,-0.270874538368875,-0.17969040276869,-0.0969331698420073,-0.734581583200662
7105,0.00754705070444478,-0.0583189824605096,0.0517814251973879,0.583957308415352
23014,-0.25927870111846,-0.345066184838062,-0.35552829263607105,-0.672742994301999
55012,-1.25726419891108,-0.17800403391868105,-1.20568397038745,-1.40551424033912
154,0.265955846482653,0.184762699720844,-0.166864953674092,-0.350612435671518
2887,-0.154866700198931,-0.25951155742203696,0.00493147028105445,0.8154790270731591
4312,-0.30617541873178805,-0.00453127058831788,0.0167702327930741,-0.0940838582109128
9183,-0.0713144977481035,0.1896603531869,-0.164655727041953,-0.6419310640193511
11151,-0.124412988197085,-0.254511389673091,-0.0454122905860297,-0.4443120160676671
7511,0.00321458618332408,0.340069275303194,0.0483506628985551,-0.126349861553956
10046,-0.0626400059535404,0.298327460220364,-0.3454601246988,0.279209190345508
1829,0.23520649368673704,0.105158393285555,0.190643194228406,-0.7051052243924129
11000,0.257704022126013,-0.0884337447002557,-0.529353065579408,-0.395880814375878
976,-0.258069238299441,-0.217850356381244,-0.475923868252844,-0.314926594907977
3597,-0.0241835605607168,-0.362455126327178,-0.623552099647744,-0.672278505597409
178,-0.0986383244649849,0.766564214092373,0.0006118573849429598,0.225749635793818
994,-0.307515017228122,0.428223736217549,-0.29188699830723497,-0.226965044697765
2625,0.203911594036567,-0.329672987216192,-0.119837442666284,0.487373816181201
6119,0.171073216344272,-0.21984214008663894,-0.112050050385188,0.29209020719153306
26136,0.123017240248945,0.119275997996362,0.39351778814999,-0.856896847206455
6697,-0.0670075287916706,-0.221939455592178,-0.107112606458479,0.115265237141208
5971,-0.28477837248872,0.0459227706843771,0.317398752756127,0.6184760197647371
2048,0.17981635726492606,0.3554749687285321,-0.0528135853233695,0.311664148468191
22934,-0.16760495463999694,0.281622529516028,0.395253797273714,0.36410741860295504
9289,-0.0218986521349274,0.654898707013269,0.26385472780332,-0.37707370679562
4931,-0.688221901504121,-0.5352417506616161,-0.182359544393773,0.249991355602602
1111,-0.101267985836818,-0.203238235615643,-0.267215937563444,-0.47511594230285
4200,0.16267757160115806,0.326752049680882,0.0796374671137449,-0.830693061737358
5154,-0.4874048285716021,-0.0547653635460519,0.00293468605214201,0.152688724157015
93594,0.0162671558848379,-0.0283317413538103,-0.007797044246674209,-0.3059817021285769
5982,-0.121258790052533,0.260892228743328,-0.178450538836665,-0.346525628896179
26520,-0.421923463281951,0.532351952983524,-0.094300545115039,0.42548963160280495
4998,-0.405263450046802,-0.56497365111501,-0.399155352848396,0.4336712757827521
10038,0.0389812217902761,0.26817361610118,0.0756381771315745,-0.443813091290648
60493,-0.238192885125198,0.36401531770118,0.27841722654774603,-0.0479327676222365
51495,-0.688180567410523,-0.579524153099612,-0.0838693704179723,-0.0402402329793943
4482,-0.0991558774303315,0.0563758459787901,-0.185757938075692,-0.466600378890493
23224,-0.4906124238477971,0.575018379963051,0.0678388303130054,-0.23630042038019
9690,-0.24645197661756105,0.715616532649644,-0.0919071121223276,-0.131208637021118
80212,0.44628430153342896,-0.16839759582064098,-0.266614439986036,0.0108627774325881
2920,-0.5820665229901589,-0.489628531121057,0.0460175642439794,0.946326019960528
29928,0.0107050299601794,-0.0175763231934463,-0.0631887408196828,0.700625530373239
22809,-0.0943355832964167,-0.39970577275066,-0.0966922533128327,0.676577567964859
50814,-0.401785005110426,0.468105382064315,0.0602404285686712,0.492712710861971
55256,0.3804540297007821,0.29216804582834804,0.177271291886463,0.103532207105114
56997,0.0411754246573542,0.504003999847617,0.4612233701031721,0.292303511316776
81544,-0.5826956946214681,0.160254762045259,-0.20195338493622106,0.109776738236624
6894,-0.0071453460236458,-0.30460552923505896,0.402433154386287,0.231428438455044
64080,-0.611585589837828,-0.5256691411393449,-0.0203163238083154,0.689660667673322
55818,-0.209493333334499,0.241305266749718,-0.359551741761272,-0.13160948561486
637,-0.180288759155173,0.7915979866713839,0.6249131055199039,-0.280444134293002
22823,-0.195640965394498,-0.400920634035622,-0.527825002874123,0.280814939962535
3122,0.02893687106652,-0.145932007773399,0.682360559053324,-0.6475301240131839
5287,-0.339860304570472,1.3470251964260802,0.15706140998442095,0.0266261236469929
91137,-0.14422673267121305,-0.439139253921966,0.0949755959893292,0.6811729688951761
23097,-0.16848973790965502,-0.386639073832668,0.398700038905948,-0.603777186802709
9851,0.032892600746636,-0.473205892856021,-0.338024412845553,-0.031938552911655
23522,-0.178604864463973,-0.125721496176101,-0.5247338728099771,-0.306657713128512
1123,-0.6453872422593651,0.233815966883278,-0.422891028950624,-0.180510076565478
5603,0.138153287823434,-0.53340501916326,-0.248114641659851,0.7913647484299781
51569,-0.0792442023766184,-0.101371402836013,-0.4076621840788279,0.5879085649530821
2769,0.0633798027881798,0.00330436267844067,0.145749847575911,-0.0504987002735616
55699,0.106774142583405,0.18476664644597895,-0.327171646158972,0.8184451509207759
2624,-0.109407903771959,-0.0538121486488024,-0.0285354236250807,-0.187144768706897
5900,0.28415520675697603,0.187760391024874,0.20794850453497304,-0.0281417338620075
8204,-0.268329752865888,0.0681171414691631,0.0780664962490906,-0.437288588421064
9133,0.106359836956217,-0.270680741907964,-0.6514891166948721,-0.7815257308426359
10921,0.112976962536486,-0.973398012845818,-0.5703927268677039,0.562298452751957
6304,-0.328324944928653,0.0824797464526645,0.0425422732231412,0.120352941876634
51742,-0.179206843151632,-0.537240692790693,-0.17761626278349302,-0.159183630086611
2954,-0.0526420871906183,-0.25211354203889896,-0.169561803399728,0.291307272451122
27244,-0.0984790481435144,-0.480749421683605,-0.00120477134592178,-0.100777352927778
23013,0.4726338582497971,-0.0517463753940811,0.222238219640355,-0.459026322541937
5211,0.0700237242121065,-0.022078608381734,-0.5149291036589021,-0.482158614323243
8050,0.14670849648258802,-0.0743391861631771,-0.13714026174935198,0.17361608942929302
79961,0.216377084529153,0.0512068178712619,-0.273719255060714,-0.5606140053780639
2017,0.0205460127438891,-0.0414547321950646,0.35035899970106804,0.469514437281376
55148,-0.711728819470948,0.617272921482814,0.14365484223156602,-0.21682416477016606
2886,0.253909108282186,-0.15315015039325,0.0559211530667994,-0.34418008565011404
960,-0.15099891029941698,0.704485334599183,0.240588241077833,0.0194654881583303
10451,-0.208699018367531,0.541900295062344,0.198341490168261,-0.172163762842662
57406,0.0854102721722919,-0.456228523802479,-0.266741042602934,-0.16775201122428698
9261,-0.0719095032843624,-0.17117922772165894,-0.24906055007181,-0.820759035755544
51719,0.12076833587527802,-1.1151943482876698,0.0995489017145351,0.4931296203463571
7074,-0.00431258051075151,-0.21851340774234895,0.1821282001909,-0.11623538003623
10059,-0.0742947829032442,0.131368757911924,0.08444410528793901,-0.0124492520331301
51071,0.0600449811090728,-0.131804211608548,-0.316834531919011,-0.44468268072078
5796,0.0332174358642242,-0.0481611759413229,0.0559524379919131,-0.741785362657157
55008,-0.4030029532072821,0.18722287994077694,-0.10232295585852,0.450558816396983
8569,-0.281557356129852,0.346311295078547,-0.2883960029156469,-0.117133242144386
23597,-0.348988983027677,-0.308764645684986,-0.19399347742551104,0.7092747389820521
8869,0.0521765971996478,-0.552531805039879,-0.249743807098972,-0.219924667105688
8727,0.4038207267743161,-0.0195086866650353,-0.0521573685723543,0.25443797550007297
63874,-0.0564967871533009,-0.657818125229968,0.190947691437459,0.105916104956222
8821,0.111922359492065,-0.277805478952457,-0.36838989014206297,0.0387608424721721
57178,-0.228796086009399,0.11388490001305802,0.489854969922468,0.36298825988745503
5468,0.23829903836771305,0.587671873069315,-0.273473954124494,0.8920932538859359
10557,-0.264504953088372,0.515040722871708,-0.14882899368052802,0.23271835460860896
831,-0.0812012530161806,0.469080230990903,0.0445587722712315,0.0461301386892307
9531,-0.6873846199564201,0.252193809503784,0.689682072758389,0.570606735411668
2767,-0.24161621427213,-0.00858353741764395,0.168501453555685,-0.4217336094604339
1861,-0.24194699638925696,0.43952101108867697,0.298538389813197,-0.36682442820142297
10165,-0.23524357530687895,0.42458016639477,-0.213923066575183,-0.22489924334505104
7106,-0.21098449596259095,-0.584006142523766,0.130209228174026,0.9359789078717672
2908,-0.126229137322089,-0.305496191470375,0.15485748823907405,0.0927495992540543
57761,0.17324222695349,-0.112085815572331,-0.31026617736507,0.456013735364375
23338,0.529186064949319,0.23897575697883494,0.44766360252695503,0.965744533184248
7852,-0.36581103576287,-0.331130540825938,-0.178582355429811,0.16758251008153902
55033,-0.397395388570383,0.287294364805085,-0.317435645908399,-0.573645471349967
57019,0.171201572195857,-0.0301246458220321,-0.00108490964119475,0.2636214460529
91949,-0.476227296744177,-0.392907443603442,-0.27848767849800704,0.43112669508905
84617,-0.119056003986106,0.379355676257256,0.0137040627359668,0.495689307901853
25,0.501442244602668,-0.27680309632759603,0.0976656042341618,-0.6916778562222969
899,-0.4553703649176489,-0.765314285714212,-0.133213405516784,0.00541136854233461
3303,0.0890313367033932,0.247101924765786,-0.16313153845100306,-1.53841951289422
79850,-0.136674068890446,0.134523864717003,-0.0043840095569072,-0.717011855310664
51466,-0.209695885547596,-0.18455511972998,-0.0566141601330425,0.558076198183948
2852,-0.394987084681813,0.367500390805596,-0.288225063945726,-0.0888994841401611
55837,0.29244993994248,0.4697184166067821,0.475421297390186,-0.0239792558232261
2131,0.158415030420198,0.632325695386508,0.361803881346668,-0.618373570260787
5427,0.507990612163928,0.0154250830029908,0.1204094175308,-0.6317776530431228
5331,-0.179914949544379,-0.24323371125808,-0.355745418576549,0.718413084833011
25966,-0.200390713157894,0.112061385295703,0.0623461198654642,-0.0925035217787219
55608,-0.000942352022985517,-0.241394599851864,-0.0166761640502858,0.0530280346757596
1662,0.04981284042011,-0.6217690527641929,-0.12685245018104402,0.392567491359728
9702,0.145605145457751,-0.23477526895014494,0.0951277042841705,-0.0146856343671454
11031,0.28777612612639003,-0.237480545322776,0.430253817209021,0.650709186599837
10057,-0.22530968727578696,-0.211611727222225,-0.255514721287791,0.7682935376942371
5985,-0.0843507931988319,0.0979855388488528,-0.0125871723891726,0.0769616649637642
3280,-0.07533210461616499,0.0485762722060216,0.26362219687735106,0.201674090175546
55958,0.21018277383548006,-0.108907112262745,0.0470612991644041,0.376610037809579
51465,-0.25285047435637803,-0.341708479603791,0.25829552771748604,-0.0508130943980034
2542,-0.11234126187017697,-0.26617803667019696,-0.3785100961504021,-2.47285796139228
5347,0.018964217720927,-0.0640918397240956,-0.17709969939468995,-0.5274627841109161
10641,-0.242888437911402,0.273246406240322,-0.175421018146335,-0.3494127956912449
11137,0.3679461454223111,0.502325473644407,0.427364744158192,-0.245422180822054
9842,0.208987841735966,-0.10806280005203303,-0.538480650313526,-0.62986099460052
10493,-0.11571838021754803,-0.28175520826849604,0.25899009111744103,0.449699359184607
10112,-0.18988753584972892,0.0816422290743402,-0.509679511176707,0.260389074474898
1001,-0.421087292074788,-0.0486716616744106,-0.138538538938642,-0.140457239787579
23635,0.189871632056705,0.153958984810624,0.5680960694818521,-0.5898714516638941
29916,-0.0737790269273167,-0.13733997502033302,-0.23538306812645104,0.246812777500897
2810,-0.366938213223511,-0.109155678388988,-0.215613337960682,-1.03875015680905
5993,0.34971042433623,-0.229559207793882,-0.118537990812782,-0.0866928489159337
11142,0.000529921087844623,-0.6192128076832321,0.353543660959016,0.5019180733152051
79187,0.0475543718255484,-0.3624632253575689,0.13750399508403,0.719797954740179
51382,-0.244546448327514,-0.137758408120133,-0.649015761495882,0.108163667606657
8318,-0.20314438990679895,-0.355428035106531,0.45340367777182,0.10865897901691804
9695,-0.035418916318134014,-0.23272965990131894,0.30972943776971096,0.341220377063878
4638,0.440630721523536,-0.798604242883501,0.17163910373463098,0.107109401352656
9712,-0.425635653465185,0.646532280042603,0.441957668893154,0.386224081679228
64943,0.5130530587647529,0.474239447821526,-0.6711280967294039,0.606227144366344
9738,0.057691614487304,0.333312702843574,-0.219859234261488,-0.0728774867673418
6793,-0.529910111622541,-0.0658091622247264,-0.338186223573709,-0.492868478670814
7358,-0.34733211416765003,-0.6916488969152861,0.4006049139973951,0.008956289143978821
58472,0.0332994866583992,0.6975755524095041,-0.17081814794541,0.310161267470452
50865,0.0604185406293439,0.486057534201926,0.390298935302768,0.55504501900995
2264,-0.0965256701595232,0.7575581870076279,0.124344294674767,1.06352799756464
1029,-0.0676622015131516,-0.12809957722196302,-0.080711461526874,-1.31469403981302
23200,0.268137296422441,0.7709863548410909,0.5025340432430929,0.269411502712234
51293,-0.0940952270803855,-0.536003031006422,-0.784031281150504,-0.34261755512693204
1027,-0.131567637897649,0.0497283583335397,-0.30295120428199,0.5859866478765761
10962,-0.0394565029530613,0.344156476086102,-0.3068011224458689,0.2834124517451489
10153,0.162384934456104,-0.2977643122245769,-0.0686901739788762,-0.293339860706004
2597,-0.153871755285827,-0.210278552674092,0.189335266094339,-0.579917040041084
874,0.0686922279165297,0.348415836672196,-0.0700978757812194,-0.20281581590878606
